a_ID_PR,b_IS_BIO,d_TIME_offset,g_CENTRES,g_SUBJECTS,g_DISRUPTIONS
PROT_001,0,108.0657534,54,310,6
PROT_002,1,37.08493151,16,35,1
PROT_003,0,81.63287671,112,632,14
PROT_004,0,81.6,119,618,2
PROT_005,1,28.96438356,144,395,1
PROT_006,1,30.60821918,416,1255,2
PROT_007,0,69.63287671,120,1053,10
PROT_008,0,53.42465753,30,97,3
PROT_009,0,28.66849315,122,687,0
PROT_010,1,29.16164384,187,397,1
PROT_011,1,15.78082192,134,277,1
